-- phpMyAdmin SQL Dump
-- version 4.5.1
-- http://www.phpmyadmin.net
--
-- Host: 127.0.0.1
-- Generation Time: 12 Jul 2021 pada 22.17
-- Versi Server: 10.1.9-MariaDB
-- PHP Version: 7.0.1

SET SQL_MODE = "NO_AUTO_VALUE_ON_ZERO";
SET time_zone = "+00:00";


/*!40101 SET @OLD_CHARACTER_SET_CLIENT=@@CHARACTER_SET_CLIENT */;
/*!40101 SET @OLD_CHARACTER_SET_RESULTS=@@CHARACTER_SET_RESULTS */;
/*!40101 SET @OLD_COLLATION_CONNECTION=@@COLLATION_CONNECTION */;
/*!40101 SET NAMES utf8mb4 */;

--
-- Database: `perpus`
--

-- --------------------------------------------------------

--
-- Struktur dari tabel `anggota`
--

CREATE TABLE `anggota` (
  `id_anggota` varchar(10) NOT NULL,
  `nama_anggota` varchar(50) NOT NULL,
  `jenkel` varchar(20) NOT NULL,
  `alamat` text NOT NULL,
  `no_hp` varchar(15) NOT NULL
) ENGINE=InnoDB DEFAULT CHARSET=latin1;

--
-- Dumping data untuk tabel `anggota`
--

INSERT INTO `anggota` (`id_anggota`, `nama_anggota`, `jenkel`, `alamat`, `no_hp`) VALUES
('AG001', 'Siti Fauziah', 'perempuan', 'purwakarta', '089639512202'),
('AG002', 'Febrianti Syofiani', 'perempuan', 'Poponcol,Purwakarta', '08645715895'),
('AG003', 'Dery Asari Nuryadi', 'laki-laki', 'jatiluhur', '0854635212'),
('AG004', 'Dimas Aji Fuady Rokman', 'laki-laki', 'Sadang', '08645715895'),
('AG005', 'Nenda Putri Suciaty', 'perempuan', 'Plered', '089639512202');

-- --------------------------------------------------------

--
-- Struktur dari tabel `buku`
--

CREATE TABLE `buku` (
  `id_buku` varchar(10) NOT NULL,
  `id_pengarang` int(11) NOT NULL,
  `id_penerbit` int(11) NOT NULL,
  `judul_buku` varchar(50) NOT NULL,
  `tahun_terbit` int(10) NOT NULL,
  `jumlah` int(10) NOT NULL
) ENGINE=InnoDB DEFAULT CHARSET=latin1;

--
-- Dumping data untuk tabel `buku`
--

INSERT INTO `buku` (`id_buku`, `id_pengarang`, `id_penerbit`, `judul_buku`, `tahun_terbit`, `jumlah`) VALUES
('RTB001', 2, 2, 'Statistik', 2020, 0),
('RTB002', 2, 2, 'Probabilitas', 2008, 19),
('RTB003', 2, 2, 'Pemrograman WEB', 2015, 47);

-- --------------------------------------------------------

--
-- Struktur dari tabel `login`
--

CREATE TABLE `login` (
  `id` int(11) NOT NULL,
  `nama` varchar(50) NOT NULL,
  `username` varchar(50) NOT NULL,
  `password` varchar(50) NOT NULL,
  `level` varchar(20) NOT NULL
) ENGINE=InnoDB DEFAULT CHARSET=latin1;

--
-- Dumping data untuk tabel `login`
--

INSERT INTO `login` (`id`, `nama`, `username`, `password`, `level`) VALUES
(2, 'admin', 'admin', '21232f297a57a5a743894a0e4a801fc3', 'Administrator'),
(5, 'petugas', 'petugas', 'afb91ef692fd08c445e8cb1bab2ccf9c', 'Petugas');

-- --------------------------------------------------------

--
-- Struktur dari tabel `peminjaman`
--

CREATE TABLE `peminjaman` (
  `id_pm` varchar(20) NOT NULL,
  `id_anggota` varchar(10) NOT NULL,
  `id_buku` varchar(10) NOT NULL,
  `tgl_pinjam` date NOT NULL,
  `tgl_kembali` date NOT NULL
) ENGINE=InnoDB DEFAULT CHARSET=latin1;

--
-- Dumping data untuk tabel `peminjaman`
--

INSERT INTO `peminjaman` (`id_pm`, `id_anggota`, `id_buku`, `tgl_pinjam`, `tgl_kembali`) VALUES
('DPM001', 'AG001', 'RTB003', '2021-07-12', '2021-07-19');

--
-- Trigger `peminjaman`
--
DELIMITER $$
CREATE TRIGGER `jml_after_pinjam` AFTER INSERT ON `peminjaman` FOR EACH ROW update buku set buku.jumlah = buku.jumlah -1 where buku.id_buku = new.id_buku
$$
DELIMITER ;

-- --------------------------------------------------------

--
-- Struktur dari tabel `penerbit`
--

CREATE TABLE `penerbit` (
  `id_penerbit` int(11) NOT NULL,
  `nama_penerbit` varchar(50) NOT NULL
) ENGINE=InnoDB DEFAULT CHARSET=latin1;

--
-- Dumping data untuk tabel `penerbit`
--

INSERT INTO `penerbit` (`id_penerbit`, `nama_penerbit`) VALUES
(2, 'Sinar Dunia'),
(3, 'Erlangga'),
(4, 'Kiky'),
(5, 'BSE'),
(6, 'Mizan'),
(7, 'Tiga Serangkai'),
(8, 'elang'),
(9, 'universitas'),
(10, 'kampus'),
(11, 'moon'),
(12, 'word');

-- --------------------------------------------------------

--
-- Struktur dari tabel `pengarang`
--

CREATE TABLE `pengarang` (
  `id_pengarang` int(11) NOT NULL,
  `nama_pengarang` varchar(50) NOT NULL
) ENGINE=InnoDB DEFAULT CHARSET=latin1;

--
-- Dumping data untuk tabel `pengarang`
--

INSERT INTO `pengarang` (`id_pengarang`, `nama_pengarang`) VALUES
(2, 'Siti Fauziah');

-- --------------------------------------------------------

--
-- Struktur dari tabel `pengembalian`
--

CREATE TABLE `pengembalian` (
  `id_pengembalian` int(11) NOT NULL,
  `id_anggota` varchar(20) NOT NULL,
  `id_buku` varchar(20) NOT NULL,
  `tgl_pinjam` date NOT NULL,
  `tgl_kembali` date NOT NULL,
  `tgl_kembalikan` date NOT NULL
) ENGINE=InnoDB DEFAULT CHARSET=latin1;

--
-- Dumping data untuk tabel `pengembalian`
--

INSERT INTO `pengembalian` (`id_pengembalian`, `id_anggota`, `id_buku`, `tgl_pinjam`, `tgl_kembali`, `tgl_kembalikan`) VALUES
(1, 'AG002', 'RTB002', '2021-07-11', '2021-07-18', '2021-07-11'),
(2, 'AG001', 'RTB003', '2021-07-11', '2021-07-18', '2021-07-11'),
(3, 'AG001', 'RTB002', '2021-07-01', '2021-07-08', '2021-07-12'),
(4, 'AG001', 'RTB002', '2021-07-12', '2021-07-19', '2021-07-12'),
(5, 'AG003', 'RTB003', '2021-07-12', '2021-07-19', '2021-07-12');

--
-- Indexes for dumped tables
--

--
-- Indexes for table `anggota`
--
ALTER TABLE `anggota`
  ADD PRIMARY KEY (`id_anggota`);

--
-- Indexes for table `buku`
--
ALTER TABLE `buku`
  ADD PRIMARY KEY (`id_buku`);

--
-- Indexes for table `login`
--
ALTER TABLE `login`
  ADD PRIMARY KEY (`id`);

--
-- Indexes for table `peminjaman`
--
ALTER TABLE `peminjaman`
  ADD PRIMARY KEY (`id_pm`);

--
-- Indexes for table `penerbit`
--
ALTER TABLE `penerbit`
  ADD PRIMARY KEY (`id_penerbit`);

--
-- Indexes for table `pengarang`
--
ALTER TABLE `pengarang`
  ADD PRIMARY KEY (`id_pengarang`);

--
-- Indexes for table `pengembalian`
--
ALTER TABLE `pengembalian`
  ADD PRIMARY KEY (`id_pengembalian`);

--
-- AUTO_INCREMENT for dumped tables
--

--
-- AUTO_INCREMENT for table `login`
--
ALTER TABLE `login`
  MODIFY `id` int(11) NOT NULL AUTO_INCREMENT, AUTO_INCREMENT=6;
--
-- AUTO_INCREMENT for table `penerbit`
--
ALTER TABLE `penerbit`
  MODIFY `id_penerbit` int(11) NOT NULL AUTO_INCREMENT, AUTO_INCREMENT=13;
--
-- AUTO_INCREMENT for table `pengarang`
--
ALTER TABLE `pengarang`
  MODIFY `id_pengarang` int(11) NOT NULL AUTO_INCREMENT, AUTO_INCREMENT=3;
--
-- AUTO_INCREMENT for table `pengembalian`
--
ALTER TABLE `pengembalian`
  MODIFY `id_pengembalian` int(11) NOT NULL AUTO_INCREMENT, AUTO_INCREMENT=6;
/*!40101 SET CHARACTER_SET_CLIENT=@OLD_CHARACTER_SET_CLIENT */;
/*!40101 SET CHARACTER_SET_RESULTS=@OLD_CHARACTER_SET_RESULTS */;
/*!40101 SET COLLATION_CONNECTION=@OLD_COLLATION_CONNECTION */;
